{"posicion":{"x":-3.727572441101074,"y":-4.106646537780762,"z":0.0}}